Entity,China,China,China,USA,USA,USA,Vietnam,Vietnam,Vietnam
Metric,CPI,GDP,Unemployment_Rate,CPI,GDP,Unemployment_Rate,CPI,GDP,Unemployment_Rate
2020-01-01,146.953,143000,52,257.208,215000,36,103.250,33437,21
2020-01-02,,,,,,,,,
2020-01-03,,,,,,,,,
2020-01-04,,,,,,,,,
2020-01-05,,,,,,,,,
2020-01-06,,,,,,,,,
2020-01-07,,,,,,,,,
2020-01-08,,,,,,,,,
2020-01-09,,,,,,,,,
2020-01-10,,,,,,,,,
2020-01-11,,,,,,,,,
2020-01-12,,,,,,,,,
2020-01-13,,,,,,,,,
2020-01-14,,,,,,,,,
2020-01-15,,,,,,,,,
2020-01-16,,,,,,,,,
2020-01-17,,,,,,,,,
2020-01-18,,,,,,,,,
2020-01-19,,,,,,,,,
2020-01-20,,,,,,,,,
2020-01-21,,,,,,,,,
2020-01-22,,,,,,,,,
2020-01-23,,,,,,,,,
2020-01-24,,,,,,,,,
2020-01-25,,,,,,,,,
2020-01-26,,,,,,,,,
2020-01-27,,,,,,,,,
2020-01-28,,,,,,,,,
2020-01-29,,,,,,,,,
2020-01-30,,,,,,,,,
2020-01-31,,,,,,,,,
2020-02-01,161.487,,53,256.974,,36,104.520,,
2020-02-02,,,,,,,,,
2020-02-03,,,,,,,,,
2020-02-04,,,,,,,,,
2020-02-05,,,,,,,,,
2020-02-06,,,,,,,,,
2020-02-07,,,,,,,,,
2020-02-08,,,,,,,,,
2020-02-09,,,,,,,,,
2020-02-10,,,,,,,,,
2020-02-11,,,,,,,,,
2020-02-12,,,,,,,,,
2020-02-13,,,,,,,,,
2020-02-14,,,,,,,,,
2020-02-15,,,,,,,,,
2020-02-16,,,,,,,,,
2020-02-17,,,,,,,,,
2020-02-18,,,,,,,,,
2020-02-19,,,,,,,,,
2020-02-20,,,,,,,,,
2020-02-21,,,,,,,,,
2020-02-22,,,,,,,,,
2020-02-23,,,,,,,,,
2020-02-24,,,,,,,,,
2020-02-25,,,,,,,,,
2020-02-26,,,,,,,,,
2020-02-27,,,,,,,,,
2020-02-28,,,,,,,,,
2020-02-29,,,,,,,,,
2020-03-01,158.321,,62,257.971,,35,104.350,,
2020-03-02,,,,,,,,,
2020-03-03,,,,,,,,,
2020-03-04,,,,,,,,,
2020-03-05,,,,,,,,,
2020-03-06,,,,,,,,,
2020-03-07,,,,,,,,,
2020-03-08,,,,,,,,,
2020-03-09,,,,,,,,,
2020-03-10,,,,,,,,,
2020-03-11,,,,,,,,,
2020-03-12,,,,,,,,,
2020-03-13,,,,,,,,,
2020-03-14,,,,,,,,,
2020-03-15,,,,,,,,,
2020-03-16,,,,,,,,,
2020-03-17,,,,,,,,,
2020-03-18,,,,,,,,,
2020-03-19,,,,,,,,,
2020-03-20,,,,,,,,,
2020-03-21,,,,,,,,,
2020-03-22,,,,,,,,,
2020-03-23,,,,,,,,,
2020-03-24,,,,,,,,,
2020-03-25,,,,,,,,,
2020-03-26,,,,,,,,,
2020-03-27,,,,,,,,,
2020-03-28,,,,,,,,,
2020-03-29,,,,,,,,,
2020-03-30,,,,,,,,,
2020-03-31,,,,,,,,,
2020-04-01,145.248,,59,258.678,,44,103.600,,22
2020-04-02,,,,,,,,,
2020-04-03,,,,,,,,,
2020-04-04,,,,,,,,,
2020-04-05,,,,,,,,,
2020-04-06,,,,,,,,,
2020-04-07,,,,,,,,,
2020-04-08,,,,,,,,,
2020-04-09,,,,,,,,,
2020-04-10,,,,,,,,,
2020-04-11,,,,,,,,,
2020-04-12,,,,,,,,,
2020-04-13,,,,,,,,,
2020-04-14,,,,,,,,,
2020-04-15,,,,,,,,,
2020-04-16,,,,,,,,,
2020-04-17,,,,,,,,,
2020-04-18,,,,,,,,,
2020-04-19,,,,,,,,,
2020-04-20,,,,,,,,,
2020-04-21,,,,,,,,,
2020-04-22,,,,,,,,,
2020-04-23,,,,,,,,,
2020-04-24,,,,,,,,,
2020-04-25,,,,,,,,,
2020-04-26,,,,,,,,,
2020-04-27,,,,,,,,,
2020-04-28,,,,,,,,,
2020-04-29,,,,,,,,,
2020-04-30,,,,,,,,,
2020-05-01,132.044,,60,256.389,,1490,102.000,,
2020-05-02,,,,,,,,,
2020-05-03,,,,,,,,,
2020-05-04,,,,,,,,,
2020-05-05,,,,,,,,,
2020-05-06,,,,,,,,,
2020-05-07,,,,,,,,,
2020-05-08,,,,,,,,,
2020-05-09,,,,,,,,,
2020-05-10,,,,,,,,,
2020-05-11,,,,,,,,,
2020-05-12,,,,,,,,,
2020-05-13,,,,,,,,,
2020-05-14,,,,,,,,,
2020-05-15,,,,,,,,,
2020-05-16,,,,,,,,,
2020-05-17,,,,,,,,,
2020-05-18,,,,,,,,,
2020-05-19,,,,,,,,,
2020-05-20,,,,,,,,,
2020-05-21,,,,,,,,,
2020-05-22,,,,,,,,,
2020-05-23,,,,,,,,,
2020-05-24,,,,,,,,,
2020-05-25,,,,,,,,,
2020-05-26,,,,,,,,,
2020-05-27,,,,,,,,,
2020-05-28,,,,,,,,,
2020-05-29,,,,,,,,,
2020-05-30,,,,,,,,,
2020-05-31,,,,,,,,,
2020-06-01,121.141,,59,256.394,,1330,101.970,,
2020-06-02,,,,,,,,,
2020-06-03,,,,,,,,,
2020-06-04,,,,,,,,,
2020-06-05,,,,,,,,,
2020-06-06,,,,,,,,,
2020-06-07,,,,,,,,,
2020-06-08,,,,,,,,,
2020-06-09,,,,,,,,,
2020-06-10,,,,,,,,,
2020-06-11,,,,,,,,,
2020-06-12,,,,,,,,,
2020-06-13,,,,,,,,,
2020-06-14,,,,,,,,,
2020-06-15,,,,,,,,,
2020-06-16,,,,,,,,,
2020-06-17,,,,,,,,,
2020-06-18,,,,,,,,,
2020-06-19,,,,,,,,,
2020-06-20,,,,,,,,,
2020-06-21,,,,,,,,,
2020-06-22,,,,,,,,,
2020-06-23,,,,,,,,,
2020-06-24,,,,,,,,,
2020-06-25,,,,,,,,,
2020-06-26,,,,,,,,,
2020-06-27,,,,,,,,,
2020-06-28,,,,,,,,,
2020-06-29,,,,,,,,,
2020-06-30,,,,,,,,,
2020-07-01,122.365,,57,257.797,,1100,102.640,,27
2020-07-02,,,,,,,,,
2020-07-03,,,,,,,,,
2020-07-04,,,,,,,,,
2020-07-05,,,,,,,,,
2020-07-06,,,,,,,,,
2020-07-07,,,,,,,,,
2020-07-08,,,,,,,,,
2020-07-09,,,,,,,,,
2020-07-10,,,,,,,,,
2020-07-11,,,,,,,,,
2020-07-12,,,,,,,,,
2020-07-13,,,,,,,,,
2020-07-14,,,,,,,,,
2020-07-15,,,,,,,,,
2020-07-16,,,,,,,,,
2020-07-17,,,,,,,,,
2020-07-18,,,,,,,,,
2020-07-19,,,,,,,,,
2020-07-20,,,,,,,,,
2020-07-21,,,,,,,,,
2020-07-22,,,,,,,,,
2020-07-23,,,,,,,,,
2020-07-24,,,,,,,,,
2020-07-25,,,,,,,,,
2020-07-26,,,,,,,,,
2020-07-27,,,,,,,,,
2020-07-28,,,,,,,,,
2020-07-29,,,,,,,,,
2020-07-30,,,,,,,,,
2020-07-31,,,,,,,,,
2020-08-01,124.862,,57,259.101,,1020,103.060,,
2020-08-02,,,,,,,,,
2020-08-03,,,,,,,,,
2020-08-04,,,,,,,,,
2020-08-05,,,,,,,,,
2020-08-06,,,,,,,,,
2020-08-07,,,,,,,,,
2020-08-08,,,,,,,,,
2020-08-09,,,,,,,,,
2020-08-10,,,,,,,,,
2020-08-11,,,,,,,,,
2020-08-12,,,,,,,,,
2020-08-13,,,,,,,,,
2020-08-14,,,,,,,,,
2020-08-15,,,,,,,,,
2020-08-16,,,,,,,,,
2020-08-17,,,,,,,,,
2020-08-18,,,,,,,,,
2020-08-19,,,,,,,,,
2020-08-20,,,,,,,,,
2020-08-21,,,,,,,,,
2020-08-22,,,,,,,,,
2020-08-23,,,,,,,,,
2020-08-24,,,,,,,,,
2020-08-25,,,,,,,,,
2020-08-26,,,,,,,,,
2020-08-27,,,,,,,,,
2020-08-28,,,,,,,,,
2020-08-29,,,,,,,,,
2020-08-30,,,,,,,,,
2020-08-31,,,,,,,,,
2020-09-01,121.225,,56,259.918,,84,102.890,,
2020-09-02,,,,,,,,,
2020-09-03,,,,,,,,,
2020-09-04,,,,,,,,,
2020-09-05,,,,,,,,,
2020-09-06,,,,,,,,,
2020-09-07,,,,,,,,,
2020-09-08,,,,,,,,,
2020-09-09,,,,,,,,,
2020-09-10,,,,,,,,,
2020-09-11,,,,,,,,,
2020-09-12,,,,,,,,,
2020-09-13,,,,,,,,,
2020-09-14,,,,,,,,,
2020-09-15,,,,,,,,,
2020-09-16,,,,,,,,,
2020-09-17,,,,,,,,,
2020-09-18,,,,,,,,,
2020-09-19,,,,,,,,,
2020-09-20,,,,,,,,,
2020-09-21,,,,,,,,,
2020-09-22,,,,,,,,,
2020-09-23,,,,,,,,,
2020-09-24,,,,,,,,,
2020-09-25,,,,,,,,,
2020-09-26,,,,,,,,,
2020-09-27,,,,,,,,,
2020-09-28,,,,,,,,,
2020-09-29,,,,,,,,,
2020-09-30,,,,,,,,,
2020-10-01,113.295,,54,260.280,,78,103.020,,25
2020-10-02,,,,,,,,,
2020-10-03,,,,,,,,,
2020-10-04,,,,,,,,,
2020-10-05,,,,,,,,,
2020-10-06,,,,,,,,,
2020-10-07,,,,,,,,,
2020-10-08,,,,,,,,,
2020-10-09,,,,,,,,,
2020-10-10,,,,,,,,,
2020-10-11,,,,,,,,,
2020-10-12,,,,,,,,,
2020-10-13,,,,,,,,,
2020-10-14,,,,,,,,,
2020-10-15,,,,,,,,,
2020-10-16,,,,,,,,,
2020-10-17,,,,,,,,,
2020-10-18,,,,,,,,,
2020-10-19,,,,,,,,,
2020-10-20,,,,,,,,,
2020-10-21,,,,,,,,,
2020-10-22,,,,,,,,,
2020-10-23,,,,,,,,,
2020-10-24,,,,,,,,,
2020-10-25,,,,,,,,,
2020-10-26,,,,,,,,,
2020-10-27,,,,,,,,,
2020-10-28,,,,,,,,,
2020-10-29,,,,,,,,,
2020-10-30,,,,,,,,,
2020-10-31,,,,,,,,,
2020-11-01,101.150,,53,260.388,,68,103.110,,
2020-11-02,,,,,,,,,
2020-11-03,,,,,,,,,
2020-11-04,,,,,,,,,
2020-11-05,,,,,,,,,
2020-11-06,,,,,,,,,
2020-11-07,,,,,,,,,
2020-11-08,,,,,,,,,
2020-11-09,,,,,,,,,
2020-11-10,,,,,,,,,
2020-11-11,,,,,,,,,
2020-11-12,,,,,,,,,
2020-11-13,,,,,,,,,
2020-11-14,,,,,,,,,
2020-11-15,,,,,,,,,
2020-11-16,,,,,,,,,
2020-11-17,,,,,,,,,
2020-11-18,,,,,,,,,
2020-11-19,,,,,,,,,
2020-11-20,,,,,,,,,
2020-11-21,,,,,,,,,
2020-11-22,,,,,,,,,
2020-11-23,,,,,,,,,
2020-11-24,,,,,,,,,
2020-11-25,,,,,,,,,
2020-11-26,,,,,,,,,
2020-11-27,,,,,,,,,
2020-11-28,,,,,,,,,
2020-11-29,,,,,,,,,
2020-11-30,,,,,,,,,
2020-12-01,91.960,,52,260.229,,67,103.330,,
2020-12-02,,,,,,,,,
2020-12-03,,,,,,,,,
2020-12-04,,,,,,,,,
2020-12-05,,,,,,,,,
2020-12-06,,,,,,,,,
2020-12-07,,,,,,,,,
2020-12-08,,,,,,,,,
2020-12-09,,,,,,,,,
2020-12-10,,,,,,,,,
2020-12-11,,,,,,,,,
2020-12-12,,,,,,,,,
2020-12-13,,,,,,,,,
2020-12-14,,,,,,,,,
2020-12-15,,,,,,,,,
2020-12-16,,,,,,,,,
2020-12-17,,,,,,,,,
2020-12-18,,,,,,,,,
2020-12-19,,,,,,,,,
2020-12-20,,,,,,,,,
2020-12-21,,,,,,,,,
2020-12-22,,,,,,,,,
2020-12-23,,,,,,,,,
2020-12-24,,,,,,,,,
2020-12-25,,,,,,,,,
2020-12-26,,,,,,,,,
2020-12-27,,,,,,,,,
2020-12-28,,,,,,,,,
2020-12-29,,,,,,,,,
2020-12-30,,,,,,,,,
2020-12-31,,,,,,,,,
2021-01-01,98.882,147000,52,260.474,214000,67,103.450,34662,23
2021-01-02,,,,,,,,,
2021-01-03,,,,,,,,,
2021-01-04,,,,,,,,,
2021-01-05,,,,,,,,,
2021-01-06,,,,,,,,,
2021-01-07,,,,,,,,,
2021-01-08,,,,,,,,,
2021-01-09,,,,,,,,,
2021-01-10,,,,,,,,,
2021-01-11,,,,,,,,,
2021-01-12,,,,,,,,,
2021-01-13,,,,,,,,,
2021-01-14,,,,,,,,,
2021-01-15,,,,,,,,,
2021-01-16,,,,,,,,,
2021-01-17,,,,,,,,,
2021-01-18,,,,,,,,,
2021-01-19,,,,,,,,,
2021-01-20,,,,,,,,,
2021-01-21,,,,,,,,,
2021-01-22,,,,,,,,,
2021-01-23,,,,,,,,,
2021-01-24,,,,,,,,,
2021-01-25,,,,,,,,,
2021-01-26,,,,,,,,,
2021-01-27,,,,,,,,,
2021-01-28,,,,,,,,,
2021-01-29,,,,,,,,,
2021-01-30,,,,,,,,,
2021-01-31,,,,,,,,,
2021-02-01,100.900,,54,261.582,,64,103.270,,
2021-02-02,,,,,,,,,
2021-02-03,,,,,,,,,
2021-02-04,,,,,,,,,
2021-02-05,,,,,,,,,
2021-02-06,,,,,,,,,
2021-02-07,,,,,,,,,
2021-02-08,,,,,,,,,
2021-02-09,,,,,,,,,
2021-02-10,,,,,,,,,
2021-02-11,,,,,,,,,
2021-02-12,,,,,,,,,
2021-02-13,,,,,,,,,
2021-02-14,,,,,,,,,
2021-02-15,,,,,,,,,
2021-02-16,,,,,,,,,
2021-02-17,,,,,,,,,
2021-02-18,,,,,,,,,
2021-02-19,,,,,,,,,
2021-02-20,,,,,,,,,
2021-02-21,,,,,,,,,
2021-02-22,,,,,,,,,
2021-02-23,,,,,,,,,
2021-02-24,,,,,,,,,
2021-02-25,,,,,,,,,
2021-02-26,,,,,,,,,
2021-02-27,,,,,,,,,
2021-02-28,,,,,,,,,
2021-03-01,101.500,,55,263.014,,62,104.840,,
2021-03-02,,,,,,,,,
2021-03-03,,,,,,,,,
2021-03-04,,,,,,,,,
2021-03-05,,,,,,,,,
2021-03-06,,,,,,,,,
2021-03-07,,,,,,,,,
2021-03-08,,,,,,,,,
2021-03-09,,,,,,,,,
2021-03-10,,,,,,,,,
2021-03-11,,,,,,,,,
2021-03-12,,,,,,,,,
2021-03-13,,,,,,,,,
2021-03-14,,,,,,,,,
2021-03-15,,,,,,,,,
2021-03-16,,,,,,,,,
2021-03-17,,,,,,,,,
2021-03-18,,,,,,,,,
2021-03-19,,,,,,,,,
2021-03-20,,,,,,,,,
2021-03-21,,,,,,,,,
2021-03-22,,,,,,,,,
2021-03-23,,,,,,,,,
2021-03-24,,,,,,,,,
2021-03-25,,,,,,,,,
2021-03-26,,,,,,,,,
2021-03-27,,,,,,,,,
2021-03-28,,,,,,,,,
2021-03-29,,,,,,,,,
2021-03-30,,,,,,,,,
2021-03-31,,,,,,,,,
2021-04-01,101.000,,53,264.877,,61,104.560,,24
2021-04-02,,,,,,,,,
2021-04-03,,,,,,,,,
2021-04-04,,,,,,,,,
2021-04-05,,,,,,,,,
2021-04-06,,,,,,,,,
2021-04-07,,,,,,,,,
2021-04-08,,,,,,,,,
2021-04-09,,,,,,,,,
2021-04-10,,,,,,,,,
2021-04-11,,,,,,,,,
2021-04-12,,,,,,,,,
2021-04-13,,,,,,,,,
2021-04-14,,,,,,,,,
2021-04-15,,,,,,,,,
2021-04-16,,,,,,,,,
2021-04-17,,,,,,,,,
2021-04-18,,,,,,,,,
2021-04-19,,,,,,,,,
2021-04-20,,,,,,,,,
2021-04-21,,,,,,,,,
2021-04-22,,,,,,,,,
2021-04-23,,,,,,,,,
2021-04-24,,,,,,,,,
2021-04-25,,,,,,,,,
2021-04-26,,,,,,,,,
2021-04-27,,,,,,,,,
2021-04-28,,,,,,,,,
2021-04-29,,,,,,,,,
2021-04-30,,,,,,,,,
2021-05-01,100.700,,51,267.054,,61,104.520,,
2021-05-02,,,,,,,,,
2021-05-03,,,,,,,,,
2021-05-04,,,,,,,,,
2021-05-05,,,,,,,,,
2021-05-06,,,,,,,,,
2021-05-07,,,,,,,,,
2021-05-08,,,,,,,,,
2021-05-09,,,,,,,,,
2021-05-10,,,,,,,,,
2021-05-11,,,,,,,,,
2021-05-12,,,,,,,,,
2021-05-13,,,,,,,,,
2021-05-14,,,,,,,,,
2021-05-15,,,,,,,,,
2021-05-16,,,,,,,,,
2021-05-17,,,,,,,,,
2021-05-18,,,,,,,,,
2021-05-19,,,,,,,,,
2021-05-20,,,,,,,,,
2021-05-21,,,,,,,,,
2021-05-22,,,,,,,,,
2021-05-23,,,,,,,,,
2021-05-24,,,,,,,,,
2021-05-25,,,,,,,,,
2021-05-26,,,,,,,,,
2021-05-27,,,,,,,,,
2021-05-28,,,,,,,,,
2021-05-29,,,,,,,,,
2021-05-30,,,,,,,,,
2021-05-31,,,,,,,,,
2021-06-01,100.600,,50,269.195,,58,104.680,,
2021-06-02,,,,,,,,,
2021-06-03,,,,,,,,,
2021-06-04,,,,,,,,,
2021-06-05,,,,,,,,,
2021-06-06,,,,,,,,,
2021-06-07,,,,,,,,,
2021-06-08,,,,,,,,,
2021-06-09,,,,,,,,,
2021-06-10,,,,,,,,,
2021-06-11,,,,,,,,,
2021-06-12,,,,,,,,,
2021-06-13,,,,,,,,,
2021-06-14,,,,,,,,,
2021-06-15,,,,,,,,,
2021-06-16,,,,,,,,,
2021-06-17,,,,,,,,,
2021-06-18,,,,,,,,,
2021-06-19,,,,,,,,,
2021-06-20,,,,,,,,,
2021-06-21,,,,,,,,,
2021-06-22,,,,,,,,,
2021-06-23,,,,,,,,,
2021-06-24,,,,,,,,,
2021-06-25,,,,,,,,,
2021-06-26,,,,,,,,,
2021-06-27,,,,,,,,,
2021-06-28,,,,,,,,,
2021-06-29,,,,,,,,,
2021-06-30,,,,,,,,,
2021-07-01,100.200,,50,271.696,,59,104.860,,26
2021-07-02,,,,,,,,,
2021-07-03,,,,,,,,,
2021-07-04,,,,,,,,,
2021-07-05,,,,,,,,,
2021-07-06,,,,,,,,,
2021-07-07,,,,,,,,,
2021-07-08,,,,,,,,,
2021-07-09,,,,,,,,,
2021-07-10,,,,,,,,,
2021-07-11,,,,,,,,,
2021-07-12,,,,,,,,,
2021-07-13,,,,,,,,,
2021-07-14,,,,,,,,,
2021-07-15,,,,,,,,,
2021-07-16,,,,,,,,,
2021-07-17,,,,,,,,,
2021-07-18,,,,,,,,,
2021-07-19,,,,,,,,,
2021-07-20,,,,,,,,,
2021-07-21,,,,,,,,,
2021-07-22,,,,,,,,,
2021-07-23,,,,,,,,,
2021-07-24,,,,,,,,,
2021-07-25,,,,,,,,,
2021-07-26,,,,,,,,,
2021-07-27,,,,,,,,,
2021-07-28,,,,,,,,,
2021-07-29,,,,,,,,,
2021-07-30,,,,,,,,,
2021-07-31,,,,,,,,,
2021-08-01,100.500,,51,273.003,,54,105.530,,
2021-08-02,,,,,,,,,
2021-08-03,,,,,,,,,
2021-08-04,,,,,,,,,
2021-08-05,,,,,,,,,
2021-08-06,,,,,,,,,
2021-08-07,,,,,,,,,
2021-08-08,,,,,,,,,
2021-08-09,,,,,,,,,
2021-08-10,,,,,,,,,
2021-08-11,,,,,,,,,
2021-08-12,,,,,,,,,
2021-08-13,,,,,,,,,
2021-08-14,,,,,,,,,
2021-08-15,,,,,,,,,
2021-08-16,,,,,,,,,
2021-08-17,,,,,,,,,
2021-08-18,,,,,,,,,
2021-08-19,,,,,,,,,
2021-08-20,,,,,,,,,
2021-08-21,,,,,,,,,
2021-08-22,,,,,,,,,
2021-08-23,,,,,,,,,
2021-08-24,,,,,,,,,
2021-08-25,,,,,,,,,
2021-08-26,,,,,,,,,
2021-08-27,,,,,,,,,
2021-08-28,,,,,,,,,
2021-08-29,,,,,,,,,
2021-08-30,,,,,,,,,
2021-08-31,,,,,,,,,
2021-09-01,100.600,,51,273.567,,51,105.790,,
2021-09-02,,,,,,,,,
2021-09-03,,,,,,,,,
2021-09-04,,,,,,,,,
2021-09-05,,,,,,,,,
2021-09-06,,,,,,,,,
2021-09-07,,,,,,,,,
2021-09-08,,,,,,,,,
2021-09-09,,,,,,,,,
2021-09-10,,,,,,,,,
2021-09-11,,,,,,,,,
2021-09-12,,,,,,,,,
2021-09-13,,,,,,,,,
2021-09-14,,,,,,,,,
2021-09-15,,,,,,,,,
2021-09-16,,,,,,,,,
2021-09-17,,,,,,,,,
2021-09-18,,,,,,,,,
2021-09-19,,,,,,,,,
2021-09-20,,,,,,,,,
2021-09-21,,,,,,,,,
2021-09-22,,,,,,,,,
2021-09-23,,,,,,,,,
2021-09-24,,,,,,,,,
2021-09-25,,,,,,,,,
2021-09-26,,,,,,,,,
2021-09-27,,,,,,,,,
2021-09-28,,,,,,,,,
2021-09-29,,,,,,,,,
2021-09-30,,,,,,,,,
2021-10-01,100.600,,49,274.310,,47,105.140,,39
2021-10-02,,,,,,,,,
2021-10-03,,,,,,,,,
2021-10-04,,,,,,,,,
2021-10-05,,,,,,,,,
2021-10-06,,,,,,,,,
2021-10-07,,,,,,,,,
2021-10-08,,,,,,,,,
2021-10-09,,,,,,,,,
2021-10-10,,,,,,,,,
2021-10-11,,,,,,,,,
2021-10-12,,,,,,,,,
2021-10-13,,,,,,,,,
2021-10-14,,,,,,,,,
2021-10-15,,,,,,,,,
2021-10-16,,,,,,,,,
2021-10-17,,,,,,,,,
2021-10-18,,,,,,,,,
2021-10-19,,,,,,,,,
2021-10-20,,,,,,,,,
2021-10-21,,,,,,,,,
2021-10-22,,,,,,,,,
2021-10-23,,,,,,,,,
2021-10-24,,,,,,,,,
2021-10-25,,,,,,,,,
2021-10-26,,,,,,,,,
2021-10-27,,,,,,,,,
2021-10-28,,,,,,,,,
2021-10-29,,,,,,,,,
2021-10-30,,,,,,,,,
2021-10-31,,,,,,,,,
2021-11-01,101.300,,49,276.589,,45,104.930,,
2021-11-02,,,,,,,,,
2021-11-03,,,,,,,,,
2021-11-04,,,,,,,,,
2021-11-05,,,,,,,,,
2021-11-06,,,,,,,,,
2021-11-07,,,,,,,,,
2021-11-08,,,,,,,,,
2021-11-09,,,,,,,,,
2021-11-10,,,,,,,,,
2021-11-11,,,,,,,,,
2021-11-12,,,,,,,,,
2021-11-13,,,,,,,,,
2021-11-14,,,,,,,,,
2021-11-15,,,,,,,,,
2021-11-16,,,,,,,,,
2021-11-17,,,,,,,,,
2021-11-18,,,,,,,,,
2021-11-19,,,,,,,,,
2021-11-20,,,,,,,,,
2021-11-21,,,,,,,,,
2021-11-22,,,,,,,,,
2021-11-23,,,,,,,,,
2021-11-24,,,,,,,,,
2021-11-25,,,,,,,,,
2021-11-26,,,,,,,,,
2021-11-27,,,,,,,,,
2021-11-28,,,,,,,,,
2021-11-29,,,,,,,,,
2021-11-30,,,,,,,,,
2021-12-01,101.700,,50,277.948,,41,105.270,,
2021-12-02,,,,,,,,,
2021-12-03,,,,,,,,,
2021-12-04,,,,,,,,,
2021-12-05,,,,,,,,,
2021-12-06,,,,,,,,,
2021-12-07,,,,,,,,,
2021-12-08,,,,,,,,,
2021-12-09,,,,,,,,,
2021-12-10,,,,,,,,,
2021-12-11,,,,,,,,,
2021-12-12,,,,,,,,,
2021-12-13,,,,,,,,,
2021-12-14,,,,,,,,,
2021-12-15,,,,,,,,,
2021-12-16,,,,,,,,,
2021-12-17,,,,,,,,,
2021-12-18,,,,,,,,,
2021-12-19,,,,,,,,,
2021-12-20,,,,,,,,,
2021-12-21,,,,,,,,,
2021-12-22,,,,,,,,,
2021-12-23,,,,,,,,,
2021-12-24,,,,,,,,,
2021-12-25,,,,,,,,,
2021-12-26,,,,,,,,,
2021-12-27,,,,,,,,,
2021-12-28,,,,,,,,,
2021-12-29,,,,,,,,,
2021-12-30,,,,,,,,,
2021-12-31,,,,,,,,,
2022-01-01,101.400,178000,51,278.802,237000,39,105.080,36647,35
2022-01-02,,,,,,,,,
2022-01-03,,,,,,,,,
2022-01-04,,,,,,,,,
2022-01-05,,,,,,,,,
2022-01-06,,,,,,,,,
2022-01-07,,,,,,,,,
2022-01-08,,,,,,,,,
2022-01-09,,,,,,,,,
2022-01-10,,,,,,,,,
2022-01-11,,,,,,,,,
2022-01-12,,,,,,,,,
2022-01-13,,,,,,,,,
2022-01-14,,,,,,,,,
2022-01-15,,,,,,,,,
2022-01-16,,,,,,,,,
2022-01-17,,,,,,,,,
2022-01-18,,,,,,,,,
2022-01-19,,,,,,,,,
2022-01-20,,,,,,,,,
2022-01-21,,,,,,,,,
2022-01-22,,,,,,,,,
2022-01-23,,,,,,,,,
2022-01-24,,,,,,,,,
2022-01-25,,,,,,,,,
2022-01-26,,,,,,,,,
2022-01-27,,,,,,,,,
2022-01-28,,,,,,,,,
2022-01-29,,,,,,,,,
2022-01-30,,,,,,,,,
2022-01-31,,,,,,,,,
2022-02-01,101.900,,53,281.148,,40,105.280,,
2022-02-02,,,,,,,,,
2022-02-03,,,,,,,,,
2022-02-04,,,,,,,,,
2022-02-05,,,,,,,,,
2022-02-06,,,,,,,,,
2022-02-07,,,,,,,,,
2022-02-08,,,,,,,,,
2022-02-09,,,,,,,,,
2022-02-10,,,,,,,,,
2022-02-11,,,,,,,,,
2022-02-12,,,,,,,,,
2022-02-13,,,,,,,,,
2022-02-14,,,,,,,,,
2022-02-15,,,,,,,,,
2022-02-16,,,,,,,,,
2022-02-17,,,,,,,,,
2022-02-18,,,,,,,,,
2022-02-19,,,,,,,,,
2022-02-20,,,,,,,,,
2022-02-21,,,,,,,,,
2022-02-22,,,,,,,,,
2022-02-23,,,,,,,,,
2022-02-24,,,,,,,,,
2022-02-25,,,,,,,,,
2022-02-26,,,,,,,,,
2022-02-27,,,,,,,,,
2022-02-28,,,,,,,,,
2022-03-01,102.500,,55,283.716,,38,106.330,,
2022-03-02,,,,,,,,,
2022-03-03,,,,,,,,,
2022-03-04,,,,,,,,,
2022-03-05,,,,,,,,,
2022-03-06,,,,,,,,,
2022-03-07,,,,,,,,,
2022-03-08,,,,,,,,,
2022-03-09,,,,,,,,,
2022-03-10,,,,,,,,,
2022-03-11,,,,,,,,,
2022-03-12,,,,,,,,,
2022-03-13,,,,,,,,,
2022-03-14,,,,,,,,,
2022-03-15,,,,,,,,,
2022-03-16,,,,,,,,,
2022-03-17,,,,,,,,,
2022-03-18,,,,,,,,,
2022-03-19,,,,,,,,,
2022-03-20,,,,,,,,,
2022-03-21,,,,,,,,,
2022-03-22,,,,,,,,,
2022-03-23,,,,,,,,,
2022-03-24,,,,,,,,,
2022-03-25,,,,,,,,,
2022-03-26,,,,,,,,,
2022-03-27,,,,,,,,,
2022-03-28,,,,,,,,,
2022-03-29,,,,,,,,,
2022-03-30,,,,,,,,,
2022-03-31,,,,,,,,,
2022-04-01,102.500,,58,287.504,,36,107.080,,24
2022-04-02,,,,,,,,,
2022-04-03,,,,,,,,,
2022-04-04,,,,,,,,,
2022-04-05,,,,,,,,,
2022-04-06,,,,,,,,,
2022-04-07,,,,,,,,,
2022-04-08,,,,,,,,,
2022-04-09,,,,,,,,,
2022-04-10,,,,,,,,,
2022-04-11,,,,,,,,,
2022-04-12,,,,,,,,,
2022-04-13,,,,,,,,,
2022-04-14,,,,,,,,,
2022-04-15,,,,,,,,,
2022-04-16,,,,,,,,,
2022-04-17,,,,,,,,,
2022-04-18,,,,,,,,,
2022-04-19,,,,,,,,,
2022-04-20,,,,,,,,,
2022-04-21,,,,,,,,,
2022-04-22,,,,,,,,,
2022-04-23,,,,,,,,,
2022-04-24,,,,,,,,,
2022-04-25,,,,,,,,,
2022-04-26,,,,,,,,,
2022-04-27,,,,,,,,,
2022-04-28,,,,,,,,,
2022-04-29,,,,,,,,,
2022-04-30,,,,,,,,,
2022-05-01,102.900,,61,289.109,,37,107.280,,
2022-05-02,,,,,,,,,
2022-05-03,,,,,,,,,
2022-05-04,,,,,,,,,
2022-05-05,,,,,,,,,
2022-05-06,,,,,,,,,
2022-05-07,,,,,,,,,
2022-05-08,,,,,,,,,
2022-05-09,,,,,,,,,
2022-05-10,,,,,,,,,
2022-05-11,,,,,,,,,
2022-05-12,,,,,,,,,
2022-05-13,,,,,,,,,
2022-05-14,,,,,,,,,
2022-05-15,,,,,,,,,
2022-05-16,,,,,,,,,
2022-05-17,,,,,,,,,
2022-05-18,,,,,,,,,
2022-05-19,,,,,,,,,
2022-05-20,,,,,,,,,
2022-05-21,,,,,,,,,
2022-05-22,,,,,,,,,
2022-05-23,,,,,,,,,
2022-05-24,,,,,,,,,
2022-05-25,,,,,,,,,
2022-05-26,,,,,,,,,
2022-05-27,,,,,,,,,
2022-05-28,,,,,,,,,
2022-05-29,,,,,,,,,
2022-05-30,,,,,,,,,
2022-05-31,,,,,,,,,
2022-06-01,102.700,,59,292.296,,36,107.680,,
2022-06-02,,,,,,,,,
2022-06-03,,,,,,,,,
2022-06-04,,,,,,,,,
2022-06-05,,,,,,,,,
2022-06-06,,,,,,,,,
2022-06-07,,,,,,,,,
2022-06-08,,,,,,,,,
2022-06-09,,,,,,,,,
2022-06-10,,,,,,,,,
2022-06-11,,,,,,,,,
2022-06-12,,,,,,,,,
2022-06-13,,,,,,,,,
2022-06-14,,,,,,,,,
2022-06-15,,,,,,,,,
2022-06-16,,,,,,,,,
2022-06-17,,,,,,,,,
2022-06-18,,,,,,,,,
2022-06-19,,,,,,,,,
2022-06-20,,,,,,,,,
2022-06-21,,,,,,,,,
2022-06-22,,,,,,,,,
2022-06-23,,,,,,,,,
2022-06-24,,,,,,,,,
2022-06-25,,,,,,,,,
2022-06-26,,,,,,,,,
2022-06-27,,,,,,,,,
2022-06-28,,,,,,,,,
2022-06-29,,,,,,,,,
2022-06-30,,,,,,,,,
2022-07-01,102.700,,55,296.311,,36,108.420,,23
2022-07-02,,,,,,,,,
2022-07-03,,,,,,,,,
2022-07-04,,,,,,,,,
2022-07-05,,,,,,,,,
2022-07-06,,,,,,,,,
2022-07-07,,,,,,,,,
2022-07-08,,,,,,,,,
2022-07-09,,,,,,,,,
2022-07-10,,,,,,,,,
2022-07-11,,,,,,,,,
2022-07-12,,,,,,,,,
2022-07-13,,,,,,,,,
2022-07-14,,,,,,,,,
2022-07-15,,,,,,,,,
2022-07-16,,,,,,,,,
2022-07-17,,,,,,,,,
2022-07-18,,,,,,,,,
2022-07-19,,,,,,,,,
2022-07-20,,,,,,,,,
2022-07-21,,,,,,,,,
2022-07-22,,,,,,,,,
2022-07-23,,,,,,,,,
2022-07-24,,,,,,,,,
2022-07-25,,,,,,,,,
2022-07-26,,,,,,,,,
2022-07-27,,,,,,,,,
2022-07-28,,,,,,,,,
2022-07-29,,,,,,,,,
2022-07-30,,,,,,,,,
2022-07-31,,,,,,,,,
2022-08-01,103.200,,54,296.276,,35,108.850,,
2022-08-02,,,,,,,,,
2022-08-03,,,,,,,,,
2022-08-04,,,,,,,,,
2022-08-05,,,,,,,,,
2022-08-06,,,,,,,,,
2022-08-07,,,,,,,,,
2022-08-08,,,,,,,,,
2022-08-09,,,,,,,,,
2022-08-10,,,,,,,,,
2022-08-11,,,,,,,,,
2022-08-12,,,,,,,,,
2022-08-13,,,,,,,,,
2022-08-14,,,,,,,,,
2022-08-15,,,,,,,,,
2022-08-16,,,,,,,,,
2022-08-17,,,,,,,,,
2022-08-18,,,,,,,,,
2022-08-19,,,,,,,,,
2022-08-20,,,,,,,,,
2022-08-21,,,,,,,,,
2022-08-22,,,,,,,,,
2022-08-23,,,,,,,,,
2022-08-24,,,,,,,,,
2022-08-25,,,,,,,,,
2022-08-26,,,,,,,,,
2022-08-27,,,,,,,,,
2022-08-28,,,,,,,,,
2022-08-29,,,,,,,,,
2022-08-30,,,,,,,,,
2022-08-31,,,,,,,,,
2022-09-01,103.100,,53,296.171,,36,108.850,,
2022-09-02,,,,,,,,,
2022-09-03,,,,,,,,,
2022-09-04,,,,,,,,,
2022-09-05,,,,,,,,,
2022-09-06,,,,,,,,,
2022-09-07,,,,,,,,,
2022-09-08,,,,,,,,,
2022-09-09,,,,,,,,,
2022-09-10,,,,,,,,,
2022-09-11,,,,,,,,,
2022-09-12,,,,,,,,,
2022-09-13,,,,,,,,,
2022-09-14,,,,,,,,,
2022-09-15,,,,,,,,,
2022-09-16,,,,,,,,,
2022-09-17,,,,,,,,,
2022-09-18,,,,,,,,,
2022-09-19,,,,,,,,,
2022-09-20,,,,,,,,,
2022-09-21,,,,,,,,,
2022-09-22,,,,,,,,,
2022-09-23,,,,,,,,,
2022-09-24,,,,,,,,,
2022-09-25,,,,,,,,,
2022-09-26,,,,,,,,,
2022-09-27,,,,,,,,,
2022-09-28,,,,,,,,,
2022-09-29,,,,,,,,,
2022-09-30,,,,,,,,,
2022-10-01,103.400,,55,296.808,,35,109.290,,22
2022-10-02,,,,,,,,,
2022-10-03,,,,,,,,,
2022-10-04,,,,,,,,,
2022-10-05,,,,,,,,,
2022-10-06,,,,,,,,,
2022-10-07,,,,,,,,,
2022-10-08,,,,,,,,,
2022-10-09,,,,,,,,,
2022-10-10,,,,,,,,,
2022-10-11,,,,,,,,,
2022-10-12,,,,,,,,,
2022-10-13,,,,,,,,,
2022-10-14,,,,,,,,,
2022-10-15,,,,,,,,,
2022-10-16,,,,,,,,,
2022-10-17,,,,,,,,,
2022-10-18,,,,,,,,,
2022-10-19,,,,,,,,,
2022-10-20,,,,,,,,,
2022-10-21,,,,,,,,,
2022-10-22,,,,,,,,,
2022-10-23,,,,,,,,,
2022-10-24,,,,,,,,,
2022-10-25,,,,,,,,,
2022-10-26,,,,,,,,,
2022-10-27,,,,,,,,,
2022-10-28,,,,,,,,,
2022-10-29,,,,,,,,,
2022-10-30,,,,,,,,,
2022-10-31,,,,,,,,,
2022-11-01,103.500,,55,298.012,,36,109.440,,
2022-11-02,,,,,,,,,
2022-11-03,,,,,,,,,
2022-11-04,,,,,,,,,
2022-11-05,,,,,,,,,
2022-11-06,,,,,,,,,
2022-11-07,,,,,,,,,
2022-11-08,,,,,,,,,
2022-11-09,,,,,,,,,
2022-11-10,,,,,,,,,
2022-11-11,,,,,,,,,
2022-11-12,,,,,,,,,
2022-11-13,,,,,,,,,
2022-11-14,,,,,,,,,
2022-11-15,,,,,,,,,
2022-11-16,,,,,,,,,
2022-11-17,,,,,,,,,
2022-11-18,,,,,,,,,
2022-11-19,,,,,,,,,
2022-11-20,,,,,,,,,
2022-11-21,,,,,,,,,
2022-11-22,,,,,,,,,
2022-11-23,,,,,,,,,
2022-11-24,,,,,,,,,
2022-11-25,,,,,,,,,
2022-11-26,,,,,,,,,
2022-11-27,,,,,,,,,
2022-11-28,,,,,,,,,
2022-11-29,,,,,,,,,
2022-11-30,,,,,,,,,
2022-12-01,103.300,,57,297.711,,36,109.870,,
2022-12-02,,,,,,,,,
2022-12-03,,,,,,,,,
2022-12-04,,,,,,,,,
2022-12-05,,,,,,,,,
2022-12-06,,,,,,,,,
2022-12-07,,,,,,,,,
2022-12-08,,,,,,,,,
2022-12-09,,,,,,,,,
2022-12-10,,,,,,,,,
2022-12-11,,,,,,,,,
2022-12-12,,,,,,,,,
2022-12-13,,,,,,,,,
2022-12-14,,,,,,,,,
2022-12-15,,,,,,,,,
2022-12-16,,,,,,,,,
2022-12-17,,,,,,,,,
2022-12-18,,,,,,,,,
2022-12-19,,,,,,,,,
2022-12-20,,,,,,,,,
2022-12-21,,,,,,,,,
2022-12-22,,,,,,,,,
2022-12-23,,,,,,,,,
2022-12-24,,,,,,,,,
2022-12-25,,,,,,,,,
2022-12-26,,,,,,,,,
2022-12-27,,,,,,,,,
2022-12-28,,,,,,,,,
2022-12-29,,,,,,,,,
2022-12-30,,,,,,,,,
2022-12-31,,,,,,,,,
2023-01-01,103.200,179000,55,296.797,260000,35,109.950,41032,23
2023-01-02,,,,,,,,,
2023-01-03,,,,,,,,,
2023-01-04,,,,,,,,,
2023-01-05,,,,,,,,,
2023-01-06,,,,,,,,,
2023-01-07,,,,,,,,,
2023-01-08,,,,,,,,,
2023-01-09,,,,,,,,,
2023-01-10,,,,,,,,,
2023-01-11,,,,,,,,,
2023-01-12,,,,,,,,,
2023-01-13,,,,,,,,,
2023-01-14,,,,,,,,,
2023-01-15,,,,,,,,,
2023-01-16,,,,,,,,,
2023-01-17,,,,,,,,,
2023-01-18,,,,,,,,,
2023-01-19,,,,,,,,,
2023-01-20,,,,,,,,,
2023-01-21,,,,,,,,,
2023-01-22,,,,,,,,,
2023-01-23,,,,,,,,,
2023-01-24,,,,,,,,,
2023-01-25,,,,,,,,,
2023-01-26,,,,,,,,,
2023-01-27,,,,,,,,,
2023-01-28,,,,,,,,,
2023-01-29,,,,,,,,,
2023-01-30,,,,,,,,,
2023-01-31,,,,,,,,,
2023-02-01,104.000,,55,299.170,,34,110.420,,
2023-02-02,,,,,,,,,
2023-02-03,,,,,,,,,
2023-02-04,,,,,,,,,
2023-02-05,,,,,,,,,
2023-02-06,,,,,,,,,
2023-02-07,,,,,,,,,
2023-02-08,,,,,,,,,
2023-02-09,,,,,,,,,
2023-02-10,,,,,,,,,
2023-02-11,,,,,,,,,
2023-02-12,,,,,,,,,
2023-02-13,,,,,,,,,
2023-02-14,,,,,,,,,
2023-02-15,,,,,,,,,
2023-02-16,,,,,,,,,
2023-02-17,,,,,,,,,
2023-02-18,,,,,,,,,
2023-02-19,,,,,,,,,
2023-02-20,,,,,,,,,
2023-02-21,,,,,,,,,
2023-02-22,,,,,,,,,
2023-02-23,,,,,,,,,
2023-02-24,,,,,,,,,
2023-02-25,,,,,,,,,
2023-02-26,,,,,,,,,
2023-02-27,,,,,,,,,
2023-02-28,,,,,,,,,
2023-03-01,103.500,,56,300.840,,36,110.920,,
2023-03-02,,,,,,,,,
2023-03-03,,,,,,,,,
2023-03-04,,,,,,,,,
2023-03-05,,,,,,,,,
2023-03-06,,,,,,,,,
2023-03-07,,,,,,,,,
2023-03-08,,,,,,,,,
2023-03-09,,,,,,,,,
2023-03-10,,,,,,,,,
2023-03-11,,,,,,,,,
2023-03-12,,,,,,,,,
2023-03-13,,,,,,,,,
2023-03-14,,,,,,,,,
2023-03-15,,,,,,,,,
2023-03-16,,,,,,,,,
2023-03-17,,,,,,,,,
2023-03-18,,,,,,,,,
2023-03-19,,,,,,,,,
2023-03-20,,,,,,,,,
2023-03-21,,,,,,,,,
2023-03-22,,,,,,,,,
2023-03-23,,,,,,,,,
2023-03-24,,,,,,,,,
2023-03-25,,,,,,,,,
2023-03-26,,,,,,,,,
2023-03-27,,,,,,,,,
2023-03-28,,,,,,,,,
2023-03-29,,,,,,,,,
2023-03-30,,,,,,,,,
2023-03-31,,,,,,,,,
2023-04-01,103.200,,53,301.836,,35,110.670,,22
2023-04-02,,,,,,,,,
2023-04-03,,,,,,,,,
2023-04-04,,,,,,,,,
2023-04-05,,,,,,,,,
2023-04-06,,,,,,,,,
2023-04-07,,,,,,,,,
2023-04-08,,,,,,,,,
2023-04-09,,,,,,,,,
2023-04-10,,,,,,,,,
2023-04-11,,,,,,,,,
2023-04-12,,,,,,,,,
2023-04-13,,,,,,,,,
2023-04-14,,,,,,,,,
2023-04-15,,,,,,,,,
2023-04-16,,,,,,,,,
2023-04-17,,,,,,,,,
2023-04-18,,,,,,,,,
2023-04-19,,,,,,,,,
2023-04-20,,,,,,,,,
2023-04-21,,,,,,,,,
2023-04-22,,,,,,,,,
2023-04-23,,,,,,,,,
2023-04-24,,,,,,,,,
2023-04-25,,,,,,,,,
2023-04-26,,,,,,,,,
2023-04-27,,,,,,,,,
2023-04-28,,,,,,,,,
2023-04-29,,,,,,,,,
2023-04-30,,,,,,,,,
2023-05-01,103.000,,52,303.363,,34,110.290,,
2023-05-02,,,,,,,,,
2023-05-03,,,,,,,,,
2023-05-04,,,,,,,,,
2023-05-05,,,,,,,,,
2023-05-06,,,,,,,,,
2023-05-07,,,,,,,,,
2023-05-08,,,,,,,,,
2023-05-09,,,,,,,,,
2023-05-10,,,,,,,,,
2023-05-11,,,,,,,,,
2023-05-12,,,,,,,,,
2023-05-13,,,,,,,,,
2023-05-14,,,,,,,,,
2023-05-15,,,,,,,,,
2023-05-16,,,,,,,,,
2023-05-17,,,,,,,,,
2023-05-18,,,,,,,,,
2023-05-19,,,,,,,,,
2023-05-20,,,,,,,,,
2023-05-21,,,,,,,,,
2023-05-22,,,,,,,,,
2023-05-23,,,,,,,,,
2023-05-24,,,,,,,,,
2023-05-25,,,,,,,,,
2023-05-26,,,,,,,,,
2023-05-27,,,,,,,,,
2023-05-28,,,,,,,,,
2023-05-29,,,,,,,,,
2023-05-30,,,,,,,,,
2023-05-31,,,,,,,,,
2023-06-01,102.800,,52,304.127,,37,110.300,,
2023-06-02,,,,,,,,,
2023-06-03,,,,,,,,,
2023-06-04,,,,,,,,,
2023-06-05,,,,,,,,,
2023-06-06,,,,,,,,,
2023-06-07,,,,,,,,,
2023-06-08,,,,,,,,,
2023-06-09,,,,,,,,,
2023-06-10,,,,,,,,,
2023-06-11,,,,,,,,,
2023-06-12,,,,,,,,,
2023-06-13,,,,,,,,,
2023-06-14,,,,,,,,,
2023-06-15,,,,,,,,,
2023-06-16,,,,,,,,,
2023-06-17,,,,,,,,,
2023-06-18,,,,,,,,,
2023-06-19,,,,,,,,,
2023-06-20,,,,,,,,,
2023-06-21,,,,,,,,,
2023-06-22,,,,,,,,,
2023-06-23,,,,,,,,,
2023-06-24,,,,,,,,,
2023-06-25,,,,,,,,,
2023-06-26,,,,,,,,,
2023-06-27,,,,,,,,,
2023-06-28,,,,,,,,,
2023-06-29,,,,,,,,,
2023-06-30,,,,,,,,,
2023-07-01,102.700,,52,305.109,,36,110.590,,23
2023-07-02,,,,,,,,,
2023-07-03,,,,,,,,,
2023-07-04,,,,,,,,,
2023-07-05,,,,,,,,,
2023-07-06,,,,,,,,,
2023-07-07,,,,,,,,,
2023-07-08,,,,,,,,,
2023-07-09,,,,,,,,,
2023-07-10,,,,,,,,,
2023-07-11,,,,,,,,,
2023-07-12,,,,,,,,,
2023-07-13,,,,,,,,,
2023-07-14,,,,,,,,,
2023-07-15,,,,,,,,,
2023-07-16,,,,,,,,,
2023-07-17,,,,,,,,,
2023-07-18,,,,,,,,,
2023-07-19,,,,,,,,,
2023-07-20,,,,,,,,,
2023-07-21,,,,,,,,,
2023-07-22,,,,,,,,,
2023-07-23,,,,,,,,,
2023-07-24,,,,,,,,,
2023-07-25,,,,,,,,,
2023-07-26,,,,,,,,,
2023-07-27,,,,,,,,,
2023-07-28,,,,,,,,,
2023-07-29,,,,,,,,,
2023-07-30,,,,,,,,,
2023-07-31,,,,,,,,,
2023-08-01,102.900,,53,305.691,,35,111.090,,
2023-08-02,,,,,,,,,
2023-08-03,,,,,,,,,
2023-08-04,,,,,,,,,
2023-08-05,,,,,,,,,
2023-08-06,,,,,,,,,
2023-08-07,,,,,,,,,
2023-08-08,,,,,,,,,
2023-08-09,,,,,,,,,
2023-08-10,,,,,,,,,
2023-08-11,,,,,,,,,
2023-08-12,,,,,,,,,
2023-08-13,,,,,,,,,
2023-08-14,,,,,,,,,
2023-08-15,,,,,,,,,
2023-08-16,,,,,,,,,
2023-08-17,,,,,,,,,
2023-08-18,,,,,,,,,
2023-08-19,,,,,,,,,
2023-08-20,,,,,,,,,
2023-08-21,,,,,,,,,
2023-08-22,,,,,,,,,
2023-08-23,,,,,,,,,
2023-08-24,,,,,,,,,
2023-08-25,,,,,,,,,
2023-08-26,,,,,,,,,
2023-08-27,,,,,,,,,
2023-08-28,,,,,,,,,
2023-08-29,,,,,,,,,
2023-08-30,,,,,,,,,
2023-08-31,,,,,,,,,
2023-09-01,103.200,,52,307.026,,38,112.070,,
2023-09-02,,,,,,,,,
2023-09-03,,,,,,,,,
2023-09-04,,,,,,,,,
2023-09-05,,,,,,,,,
2023-09-06,,,,,,,,,
2023-09-07,,,,,,,,,
2023-09-08,,,,,,,,,
2023-09-09,,,,,,,,,
2023-09-10,,,,,,,,,
2023-09-11,,,,,,,,,
2023-09-12,,,,,,,,,
2023-09-13,,,,,,,,,
2023-09-14,,,,,,,,,
2023-09-15,,,,,,,,,
2023-09-16,,,,,,,,,
2023-09-17,,,,,,,,,
2023-09-18,,,,,,,,,
2023-09-19,,,,,,,,,
2023-09-20,,,,,,,,,
2023-09-21,,,,,,,,,
2023-09-22,,,,,,,,,
2023-09-23,,,,,,,,,
2023-09-24,,,,,,,,,
2023-09-25,,,,,,,,,
2023-09-26,,,,,,,,,
2023-09-27,,,,,,,,,
2023-09-28,,,,,,,,,
2023-09-29,,,,,,,,,
2023-09-30,,,,,,,,,
2023-10-01,103.400,,50,307.789,,38,113.280,,23
2023-10-02,,,,,,,,,
2023-10-03,,,,,,,,,
2023-10-04,,,,,,,,,
2023-10-05,,,,,,,,,
2023-10-06,,,,,,,,,
2023-10-07,,,,,,,,,
2023-10-08,,,,,,,,,
2023-10-09,,,,,,,,,
2023-10-10,,,,,,,,,
2023-10-11,,,,,,,,,
2023-10-12,,,,,,,,,
2023-10-13,,,,,,,,,
2023-10-14,,,,,,,,,
2023-10-15,,,,,,,,,
2023-10-16,,,,,,,,,
2023-10-17,,,,,,,,,
2023-10-18,,,,,,,,,
2023-10-19,,,,,,,,,
2023-10-20,,,,,,,,,
2023-10-21,,,,,,,,,
2023-10-22,,,,,,,,,
2023-10-23,,,,,,,,,
2023-10-24,,,,,,,,,
2023-10-25,,,,,,,,,
2023-10-26,,,,,,,,,
2023-10-27,,,,,,,,,
2023-10-28,,,,,,,,,
2023-10-29,,,,,,,,,
2023-10-30,,,,,,,,,
2023-10-31,,,,,,,,,
2023-11-01,103.300,,50,307.671,,38,113.380,,
2023-11-02,,,,,,,,,
2023-11-03,,,,,,,,,
2023-11-04,,,,,,,,,
2023-11-05,,,,,,,,,
2023-11-06,,,,,,,,,
2023-11-07,,,,,,,,,
2023-11-08,,,,,,,,,
2023-11-09,,,,,,,,,
2023-11-10,,,,,,,,,
2023-11-11,,,,,,,,,
2023-11-12,,,,,,,,,
2023-11-13,,,,,,,,,
2023-11-14,,,,,,,,,
2023-11-15,,,,,,,,,
2023-11-16,,,,,,,,,
2023-11-17,,,,,,,,,
2023-11-18,,,,,,,,,
2023-11-19,,,,,,,,,
2023-11-20,,,,,,,,,
2023-11-21,,,,,,,,,
2023-11-22,,,,,,,,,
2023-11-23,,,,,,,,,
2023-11-24,,,,,,,,,
2023-11-25,,,,,,,,,
2023-11-26,,,,,,,,,
2023-11-27,,,,,,,,,
2023-11-28,,,,,,,,,
2023-11-29,,,,,,,,,
2023-11-30,,,,,,,,,
2023-12-01,102.800,,50,307.051,,37,113.660,,
2023-12-02,,,,,,,,,
2023-12-03,,,,,,,,,
2023-12-04,,,,,,,,,
2023-12-05,,,,,,,,,
2023-12-06,,,,,,,,,
2023-12-07,,,,,,,,,
2023-12-08,,,,,,,,,
2023-12-09,,,,,,,,,
2023-12-10,,,,,,,,,
2023-12-11,,,,,,,,,
2023-12-12,,,,,,,,,
2023-12-13,,,,,,,,,
2023-12-14,,,,,,,,,
2023-12-15,,,,,,,,,
2023-12-16,,,,,,,,,
2023-12-17,,,,,,,,,
2023-12-18,,,,,,,,,
2023-12-19,,,,,,,,,
2023-12-20,,,,,,,,,
2023-12-21,,,,,,,,,
2023-12-22,,,,,,,,,
2023-12-23,,,,,,,,,
2023-12-24,,,,,,,,,
2023-12-25,,,,,,,,,
2023-12-26,,,,,,,,,
2023-12-27,,,,,,,,,
2023-12-28,,,,,,,,,
2023-12-29,,,,,,,,,
2023-12-30,,,,,,,,,
2023-12-31,,,,,,,,,
2024-01-01,102.900,178000,51,306.746,277000,38,113.790,42972,22
2024-01-02,,,,,,,,,
2024-01-03,,,,,,,,,
2024-01-04,,,,,,,,,
2024-01-05,,,,,,,,,
2024-01-06,,,,,,,,,
2024-01-07,,,,,,,,,
2024-01-08,,,,,,,,,
2024-01-09,,,,,,,,,
2024-01-10,,,,,,,,,
2024-01-11,,,,,,,,,
2024-01-12,,,,,,,,,
2024-01-13,,,,,,,,,
2024-01-14,,,,,,,,,
2024-01-15,,,,,,,,,
2024-01-16,,,,,,,,,
2024-01-17,,,,,,,,,
2024-01-18,,,,,,,,,
2024-01-19,,,,,,,,,
2024-01-20,,,,,,,,,
2024-01-21,,,,,,,,,
2024-01-22,,,,,,,,,
2024-01-23,,,,,,,,,
2024-01-24,,,,,,,,,
2024-01-25,,,,,,,,,
2024-01-26,,,,,,,,,
2024-01-27,,,,,,,,,
2024-01-28,,,,,,,,,
2024-01-29,,,,,,,,,
2024-01-30,,,,,,,,,
2024-01-31,,,,,,,,,
2024-02-01,103.200,,52,308.417,,37,114.140,,
2024-02-02,,,,,,,,,
2024-02-03,,,,,,,,,
2024-02-04,,,,,,,,,
2024-02-05,,,,,,,,,
2024-02-06,,,,,,,,,
2024-02-07,,,,,,,,,
2024-02-08,,,,,,,,,
2024-02-09,,,,,,,,,
2024-02-10,,,,,,,,,
2024-02-11,,,,,,,,,
2024-02-12,,,,,,,,,
2024-02-13,,,,,,,,,
2024-02-14,,,,,,,,,
2024-02-15,,,,,,,,,
2024-02-16,,,,,,,,,
2024-02-17,,,,,,,,,
2024-02-18,,,,,,,,,
2024-02-19,,,,,,,,,
2024-02-20,,,,,,,,,
2024-02-21,,,,,,,,,
2024-02-22,,,,,,,,,
2024-02-23,,,,,,,,,
2024-02-24,,,,,,,,,
2024-02-25,,,,,,,,,
2024-02-26,,,,,,,,,
2024-02-27,,,,,,,,,
2024-02-28,,,,,,,,,
2024-02-29,,,,,,,,,
2024-03-01,104.200,,53,310.326,,39,115.330,,
2024-03-02,,,,,,,,,
2024-03-03,,,,,,,,,
2024-03-04,,,,,,,,,
2024-03-05,,,,,,,,,
2024-03-06,,,,,,,,,
2024-03-07,,,,,,,,,
2024-03-08,,,,,,,,,
2024-03-09,,,,,,,,,
2024-03-10,,,,,,,,,
2024-03-11,,,,,,,,,
2024-03-12,,,,,,,,,
2024-03-13,,,,,,,,,
2024-03-14,,,,,,,,,
2024-03-15,,,,,,,,,
2024-03-16,,,,,,,,,
2024-03-17,,,,,,,,,
2024-03-18,,,,,,,,,
2024-03-19,,,,,,,,,
2024-03-20,,,,,,,,,
2024-03-21,,,,,,,,,
2024-03-22,,,,,,,,,
2024-03-23,,,,,,,,,
2024-03-24,,,,,,,,,
2024-03-25,,,,,,,,,
2024-03-26,,,,,,,,,
2024-03-27,,,,,,,,,
2024-03-28,,,,,,,,,
2024-03-29,,,,,,,,,
2024-03-30,,,,,,,,,
2024-03-31,,,,,,,,,
2024-04-01,103.200,,52,312.332,,39,115.060,,22
2024-04-02,,,,,,,,,
2024-04-03,,,,,,,,,
2024-04-04,,,,,,,,,
2024-04-05,,,,,,,,,
2024-04-06,,,,,,,,,
2024-04-07,,,,,,,,,
2024-04-08,,,,,,,,,
2024-04-09,,,,,,,,,
2024-04-10,,,,,,,,,
2024-04-11,,,,,,,,,
2024-04-12,,,,,,,,,
2024-04-13,,,,,,,,,
2024-04-14,,,,,,,,,
2024-04-15,,,,,,,,,
2024-04-16,,,,,,,,,
2024-04-17,,,,,,,,,
2024-04-18,,,,,,,,,
2024-04-19,,,,,,,,,
2024-04-20,,,,,,,,,
2024-04-21,,,,,,,,,
2024-04-22,,,,,,,,,
2024-04-23,,,,,,,,,
2024-04-24,,,,,,,,,
2024-04-25,,,,,,,,,
2024-04-26,,,,,,,,,
2024-04-27,,,,,,,,,
2024-04-28,,,,,,,,,
2024-04-29,,,,,,,,,
2024-04-30,,,,,,,,,
2024-05-01,103.300,,50,313.550,,39,115.140,,
2024-05-02,,,,,,,,,
2024-05-03,,,,,,,,,
2024-05-04,,,,,,,,,
2024-05-05,,,,,,,,,
2024-05-06,,,,,,,,,
2024-05-07,,,,,,,,,
2024-05-08,,,,,,,,,
2024-05-09,,,,,,,,,
2024-05-10,,,,,,,,,
2024-05-11,,,,,,,,,
2024-05-12,,,,,,,,,
2024-05-13,,,,,,,,,
2024-05-14,,,,,,,,,
2024-05-15,,,,,,,,,
2024-05-16,,,,,,,,,
2024-05-17,,,,,,,,,
2024-05-18,,,,,,,,,
2024-05-19,,,,,,,,,
2024-05-20,,,,,,,,,
2024-05-21,,,,,,,,,
2024-05-22,,,,,,,,,
2024-05-23,,,,,,,,,
2024-05-24,,,,,,,,,
2024-05-25,,,,,,,,,
2024-05-26,,,,,,,,,
2024-05-27,,,,,,,,,
2024-05-28,,,,,,,,,
2024-05-29,,,,,,,,,
2024-05-30,,,,,,,,,
2024-05-31,,,,,,,,,
2024-06-01,103.200,,50,314.070,,0.04,115.200,,
2024-06-02,,,,,,,,,
2024-06-03,,,,,,,,,
2024-06-04,,,,,,,,,
2024-06-05,,,,,,,,,
2024-06-06,,,,,,,,,
2024-06-07,,,,,,,,,
2024-06-08,,,,,,,,,
2024-06-09,,,,,,,,,
2024-06-10,,,,,,,,,
2024-06-11,,,,,,,,,
2024-06-12,,,,,,,,,
2024-06-13,,,,,,,,,
2024-06-14,,,,,,,,,
2024-06-15,,,,,,,,,
2024-06-16,,,,,,,,,
2024-06-17,,,,,,,,,
2024-06-18,,,,,,,,,
2024-06-19,,,,,,,,,
2024-06-20,,,,,,,,,
2024-06-21,,,,,,,,,
2024-06-22,,,,,,,,,
2024-06-23,,,,,,,,,
2024-06-24,,,,,,,,,
2024-06-25,,,,,,,,,
2024-06-26,,,,,,,,,
2024-06-27,,,,,,,,,
2024-06-28,,,,,,,,,
2024-06-29,,,,,,,,,
2024-06-30,,,,,,,,,
2024-07-01,102.900,,50,314.180,,41,115.390,,22
2024-07-02,,,,,,,,,
2024-07-03,,,,,,,,,
2024-07-04,,,,,,,,,
2024-07-05,,,,,,,,,
2024-07-06,,,,,,,,,
2024-07-07,,,,,,,,,
2024-07-08,,,,,,,,,
2024-07-09,,,,,,,,,
2024-07-10,,,,,,,,,
2024-07-11,,,,,,,,,
2024-07-12,,,,,,,,,
2024-07-13,,,,,,,,,
2024-07-14,,,,,,,,,
2024-07-15,,,,,,,,,
2024-07-16,,,,,,,,,
2024-07-17,,,,,,,,,
2024-07-18,,,,,,,,,
2024-07-19,,,,,,,,,
2024-07-20,,,,,,,,,
2024-07-21,,,,,,,,,
2024-07-22,,,,,,,,,
2024-07-23,,,,,,,,,
2024-07-24,,,,,,,,,
2024-07-25,,,,,,,,,
2024-07-26,,,,,,,,,
2024-07-27,,,,,,,,,
2024-07-28,,,,,,,,,
2024-07-29,,,,,,,,,
2024-07-30,,,,,,,,,
2024-07-31,,,,,,,,,
2024-08-01,103.400,,52,314.540,,42,115.940,,
2024-08-02,,,,,,,,,
2024-08-03,,,,,,,,,
2024-08-04,,,,,,,,,
2024-08-05,,,,,,,,,
2024-08-06,,,,,,,,,
2024-08-07,,,,,,,,,
2024-08-08,,,,,,,,,
2024-08-09,,,,,,,,,
2024-08-10,,,,,,,,,
2024-08-11,,,,,,,,,
2024-08-12,,,,,,,,,
2024-08-13,,,,,,,,,
2024-08-14,,,,,,,,,
2024-08-15,,,,,,,,,
2024-08-16,,,,,,,,,
2024-08-17,,,,,,,,,
2024-08-18,,,,,,,,,
2024-08-19,,,,,,,,,
2024-08-20,,,,,,,,,
2024-08-21,,,,,,,,,
2024-08-22,,,,,,,,,
2024-08-23,,,,,,,,,
2024-08-24,,,,,,,,,
2024-08-25,,,,,,,,,
2024-08-26,,,,,,,,,
2024-08-27,,,,,,,,,
2024-08-28,,,,,,,,,
2024-08-29,,,,,,,,,
2024-08-30,,,,,,,,,
2024-08-31,,,,,,,,,
2024-09-01,103.800,,53,314.800,,42,115.940,,
2024-09-02,,,,,,,,,
2024-09-03,,,,,,,,,
2024-09-04,,,,,,,,,
2024-09-05,,,,,,,,,
2024-09-06,,,,,,,,,
2024-09-07,,,,,,,,,
2024-09-08,,,,,,,,,
2024-09-09,,,,,,,,,
2024-09-10,,,,,,,,,
2024-09-11,,,,,,,,,
2024-09-12,,,,,,,,,
2024-09-13,,,,,,,,,
2024-09-14,,,,,,,,,
2024-09-15,,,,,,,,,
2024-09-16,,,,,,,,,
2024-09-17,,,,,,,,,
2024-09-18,,,,,,,,,
2024-09-19,,,,,,,,,
2024-09-20,,,,,,,,,
2024-09-21,,,,,,,,,
2024-09-22,,,,,,,,,
2024-09-23,,,,,,,,,
2024-09-24,,,,,,,,,
2024-09-25,,,,,,,,,
2024-09-26,,,,,,,,,
2024-09-27,,,,,,,,,
2024-09-28,,,,,,,,,
2024-09-29,,,,,,,,,
2024-09-30,,,,,,,,,
2024-10-01,103.800,,51,315.300,,41,116.270,,22
2024-10-02,,,,,,,,,
2024-10-03,,,,,,,,,
2024-10-04,,,,,,,,,
2024-10-05,,,,,,,,,
2024-10-06,,,,,,,,,
2024-10-07,,,,,,,,,
2024-10-08,,,,,,,,,
2024-10-09,,,,,,,,,
2024-10-10,,,,,,,,,
2024-10-11,,,,,,,,,
2024-10-12,,,,,,,,,
2024-10-13,,,,,,,,,
2024-10-14,,,,,,,,,
2024-10-15,,,,,,,,,
2024-10-16,,,,,,,,,
2024-10-17,,,,,,,,,
2024-10-18,,,,,,,,,
2024-10-19,,,,,,,,,
2024-10-20,,,,,,,,,
2024-10-21,,,,,,,,,
2024-10-22,,,,,,,,,
2024-10-23,,,,,,,,,
2024-10-24,,,,,,,,,
2024-10-25,,,,,,,,,
2024-10-26,,,,,,,,,
2024-10-27,,,,,,,,,
2024-10-28,,,,,,,,,
2024-10-29,,,,,,,,,
2024-10-30,,,,,,,,,
2024-10-31,,,,,,,,,
2024-11-01,103.500,,50,315.660,,41,116.650,,
2024-11-02,,,,,,,,,
2024-11-03,,,,,,,,,
2024-11-04,,,,,,,,,
2024-11-05,,,,,,,,,
2024-11-06,,,,,,,,,
2024-11-07,,,,,,,,,
2024-11-08,,,,,,,,,
2024-11-09,,,,,,,,,
2024-11-10,,,,,,,,,
2024-11-11,,,,,,,,,
2024-11-12,,,,,,,,,
2024-11-13,,,,,,,,,
2024-11-14,,,,,,,,,
2024-11-15,,,,,,,,,
2024-11-16,,,,,,,,,
2024-11-17,,,,,,,,,
2024-11-18,,,,,,,,,
2024-11-19,,,,,,,,,
2024-11-20,,,,,,,,,
2024-11-21,,,,,,,,,
2024-11-22,,,,,,,,,
2024-11-23,,,,,,,,,
2024-11-24,,,,,,,,,
2024-11-25,,,,,,,,,
2024-11-26,,,,,,,,,
2024-11-27,,,,,,,,,
2024-11-28,,,,,,,,,
2024-11-29,,,,,,,,,
2024-11-30,,,,,,,,,
2024-12-01,102.900,,50,315.490,,42,116.800,,
2024-12-02,,,,,,,,,
2024-12-03,,,,,,,,,
2024-12-04,,,,,,,,,
2024-12-05,,,,,,,,,
2024-12-06,,,,,,,,,
2024-12-07,,,,,,,,,
2024-12-08,,,,,,,,,
2024-12-09,,,,,,,,,
2024-12-10,,,,,,,,,
2024-12-11,,,,,,,,,
2024-12-12,,,,,,,,,
2024-12-13,,,,,,,,,
2024-12-14,,,,,,,,,
2024-12-15,,,,,,,,,
2024-12-16,,,,,,,,,
2024-12-17,,,,,,,,,
2024-12-18,,,,,,,,,
2024-12-19,,,,,,,,,
2024-12-20,,,,,,,,,
2024-12-21,,,,,,,,,
2024-12-22,,,,,,,,,
2024-12-23,,,,,,,,,
2024-12-24,,,,,,,,,
2024-12-25,,,,,,,,,
2024-12-26,,,,,,,,,
2024-12-27,,,,,,,,,
2024-12-28,,,,,,,,,
2024-12-29,,,,,,,,,
2024-12-30,,,,,,,,,
2024-12-31,,,,,,,,,
2025-01-01,102.900,182000,51,315.610,280000,41,117.140,44261,22
2025-01-02,,182000,,,280000,,,44261,
2025-01-03,,182000,,,280000,,,44261,
2025-01-04,,182000,,,280000,,,44261,
2025-01-05,,182000,,,280000,,,44261,
2025-01-06,,182000,,,280000,,,44261,
2025-01-07,,182000,,,280000,,,44261,
2025-01-08,,182000,,,280000,,,44261,
2025-01-09,,182000,,,280000,,,44261,
2025-01-10,,182000,,,280000,,,44261,
2025-01-11,,182000,,,280000,,,44261,
2025-01-12,,182000,,,280000,,,44261,
2025-01-13,,182000,,,280000,,,44261,
2025-01-14,,182000,,,280000,,,44261,
2025-01-15,,182000,,,280000,,,44261,
2025-01-16,,182000,,,280000,,,44261,
2025-01-17,,182000,,,280000,,,44261,
2025-01-18,,182000,,,280000,,,44261,
2025-01-19,,182000,,,280000,,,44261,
2025-01-20,,182000,,,280000,,,44261,
2025-01-21,,182000,,,280000,,,44261,
2025-01-22,,182000,,,280000,,,44261,
2025-01-23,,182000,,,280000,,,44261,
2025-01-24,,182000,,,280000,,,44261,
2025-01-25,,182000,,,280000,,,44261,
2025-01-26,,182000,,,280000,,,44261,
2025-01-27,,182000,,,280000,,,44261,
2025-01-28,,182000,,,280000,,,44261,
2025-01-29,,182000,,,280000,,,44261,
2025-01-30,,182000,,,280000,,,44261,
2025-01-31,,182000,,,280000,,,44261,
2025-02-01,103.700,182000,52,317.670,280000,40,118.290,44261,
2025-02-02,,182000,,,280000,,,44261,
2025-02-03,,182000,,,280000,,,44261,
2025-02-04,,182000,,,280000,,,44261,
2025-02-05,,182000,,,280000,,,44261,
2025-02-06,,182000,,,280000,,,44261,
2025-02-07,,182000,,,280000,,,44261,
2025-02-08,,182000,,,280000,,,44261,
2025-02-09,,182000,,,280000,,,44261,
2025-02-10,,182000,,,280000,,,44261,
2025-02-11,,182000,,,280000,,,44261,
2025-02-12,,182000,,,280000,,,44261,
2025-02-13,,182000,,,280000,,,44261,
2025-02-14,,182000,,,280000,,,44261,
2025-02-15,,182000,,,280000,,,44261,
2025-02-16,,182000,,,280000,,,44261,
2025-02-17,,182000,,,280000,,,44261,
2025-02-18,,182000,,,280000,,,44261,
2025-02-19,,182000,,,280000,,,44261,
2025-02-20,,182000,,,280000,,,44261,
2025-02-21,,182000,,,280000,,,44261,
2025-02-22,,182000,,,280000,,,44261,
2025-02-23,,182000,,,280000,,,44261,
2025-02-24,,182000,,,280000,,,44261,
2025-02-25,,182000,,,280000,,,44261,
2025-02-26,,182000,,,280000,,,44261,
2025-02-27,,182000,,,280000,,,44261,
2025-02-28,,182000,,,280000,,,44261,
2025-03-01,103.500,182000,54,319.082,280000,41,118.690,44261,
2025-03-02,,182000,,,280000,,,44261,
2025-03-03,,182000,,,280000,,,44261,
2025-03-04,,182000,,,280000,,,44261,
2025-03-05,,182000,,,280000,,,44261,
2025-03-06,,182000,,,280000,,,44261,
2025-03-07,,182000,,,280000,,,44261,
2025-03-08,,182000,,,280000,,,44261,
2025-03-09,,182000,,,280000,,,44261,
2025-03-10,,182000,,,280000,,,44261,
2025-03-11,,182000,,,280000,,,44261,
2025-03-12,,182000,,,280000,,,44261,
2025-03-13,,182000,,,280000,,,44261,
2025-03-14,,182000,,,280000,,,44261,
2025-03-15,,182000,,,280000,,,44261,
2025-03-16,,182000,,,280000,,,44261,
2025-03-17,,182000,,,280000,,,44261,
2025-03-18,,182000,,,280000,,,44261,
2025-03-19,,182000,,,280000,,,44261,
2025-03-20,,182000,,,280000,,,44261,
2025-03-21,,182000,,,280000,,,44261,
2025-03-22,,182000,,,280000,,,44261,
2025-03-23,,182000,,,280000,,,44261,
2025-03-24,,182000,,,280000,,,44261,
2025-03-25,,182000,,,280000,,,44261,
2025-03-26,,182000,,,280000,,,44261,
2025-03-27,,182000,,,280000,,,44261,
2025-03-28,,182000,,,280000,,,44261,
2025-03-29,,182000,,,280000,,,44261,
2025-03-30,,182000,,,280000,,,44261,
2025-03-31,,182000,,,280000,,,44261,
2025-04-01,103.100,182000,52,319.799,280000,42,118.660,44261,22
2025-04-02,,182000,,,280000,,,44261,
2025-04-03,,182000,,,280000,,,44261,
2025-04-04,,182000,,,280000,,,44261,
2025-04-05,,182000,,,280000,,,44261,
2025-04-06,,182000,,,280000,,,44261,
2025-04-07,,182000,,,280000,,,44261,
2025-04-08,,182000,,,280000,,,44261,
2025-04-09,,182000,,,280000,,,44261,
2025-04-10,99.800,182000,,320170,280000,,118700,44261,